,c,sigma,noise,algorithm,ari
0,30,0.05,0.0,DiSim,0.3295387212713563
0,30,0.05,0.0,Herm,0.5078116727929686
0,30,0.25,0.0,DiSim,0.4219905145419024
0,30,0.25,0.0,Herm,0.48412179523701904
0,30,0.45,0.0,DiSim,0.478871783747541
0,30,0.45,0.0,Herm,0.56054306995358
0,45,0.05,0.0,DiSim,0.35883879078028424
0,45,0.05,0.0,Herm,0.5197245030702164
0,45,0.25,0.0,DiSim,0.4311987434535915
0,45,0.25,0.0,Herm,0.5042160323121564
0,45,0.45,0.0,DiSim,0.5178135589204821
0,45,0.45,0.0,Herm,0.6175260976892731
0,60,0.05,0.0,DiSim,0.388768341680396
0,60,0.05,0.0,Herm,0.5276231789410414
0,60,0.25,0.0,DiSim,0.4587467591869882
0,60,0.25,0.0,Herm,0.5111363572967124
0,60,0.45,0.0,DiSim,0.6179898040693508
0,60,0.45,0.0,Herm,0.6229574051300143
0,30,0.05,0.0875,DiSim,0.23302577330237642
0,30,0.05,0.0875,Herm,0.4771901244407077
0,30,0.25,0.0875,DiSim,0.2514106126293831
0,30,0.25,0.0875,Herm,0.4700579961249923
0,30,0.45,0.0875,DiSim,0.26916538985348165
0,30,0.45,0.0875,Herm,0.5549121010855419
0,45,0.05,0.0875,DiSim,0.23368347349779572
0,45,0.05,0.0875,Herm,0.5136793434185496
0,45,0.25,0.0875,DiSim,0.251815458334477
0,45,0.25,0.0875,Herm,0.5023768656752137
0,45,0.45,0.0875,DiSim,0.287628565672747
0,45,0.45,0.0875,Herm,0.5922586251836582
0,60,0.05,0.0875,DiSim,0.18622663288638092
0,60,0.05,0.0875,Herm,0.5231826075860184
0,60,0.25,0.0875,DiSim,0.24562426506256946
0,60,0.25,0.0875,Herm,0.5108588163074308
0,60,0.45,0.0875,DiSim,0.3612273845940472
0,60,0.45,0.0875,Herm,0.6073999608515652
0,30,0.05,0.175,DiSim,0.22503417573873793
0,30,0.05,0.175,Herm,0.4483230596874374
0,30,0.25,0.175,DiSim,0.23008987815176657
0,30,0.25,0.175,Herm,0.4231817562352875
0,30,0.45,0.175,DiSim,0.2355305789148305
0,30,0.45,0.175,Herm,0.4810857491176047
0,45,0.05,0.175,DiSim,0.22394974345257448
0,45,0.05,0.175,Herm,0.4948381215073267
0,45,0.25,0.175,DiSim,0.20374643983467022
0,45,0.25,0.175,Herm,0.48175185557591216
0,45,0.45,0.175,DiSim,0.23163024058273718
0,45,0.45,0.175,Herm,0.5358259070324428
0,60,0.05,0.175,DiSim,0.18770049525129823
0,60,0.05,0.175,Herm,0.510996019048566
0,60,0.25,0.175,DiSim,0.2184163155398535
0,60,0.25,0.175,Herm,0.4966662044679483
0,60,0.45,0.175,DiSim,0.23377247717637561
0,60,0.45,0.175,Herm,0.5686668965812631
0,30,0.05,0.26249999999999996,DiSim,0.20396742200284607
0,30,0.05,0.26249999999999996,Herm,0.40060557569786054
0,30,0.25,0.26249999999999996,DiSim,0.19133898106509467
0,30,0.25,0.26249999999999996,Herm,0.2995515059309736
0,30,0.45,0.26249999999999996,DiSim,0.19595428747672192
0,30,0.45,0.26249999999999996,Herm,0.2807276651648678
0,45,0.05,0.26249999999999996,DiSim,0.21101789420775632
0,45,0.05,0.26249999999999996,Herm,0.46562232507276746
0,45,0.25,0.26249999999999996,DiSim,0.1743007731314787
0,45,0.25,0.26249999999999996,Herm,0.3866324789401176
0,45,0.45,0.26249999999999996,DiSim,0.2058181968986796
0,45,0.45,0.26249999999999996,Herm,0.3478038097897281
0,60,0.05,0.26249999999999996,DiSim,0.1653577659807896
0,60,0.05,0.26249999999999996,Herm,0.49025158328278357
0,60,0.25,0.26249999999999996,DiSim,0.15701872917174298
0,60,0.25,0.26249999999999996,Herm,0.40936677354123713
0,60,0.45,0.26249999999999996,DiSim,0.22096866127525727
0,60,0.45,0.26249999999999996,Herm,0.3827333974123741
0,30,0.05,0.35,DiSim,0.17462114269594672
0,30,0.05,0.35,Herm,0.24296691657222647
0,30,0.25,0.35,DiSim,0.1351554624810655
0,30,0.25,0.35,Herm,0.18258987859467776
0,30,0.45,0.35,DiSim,0.12965695081041642
0,30,0.45,0.35,Herm,0.1576930803855031
0,45,0.05,0.35,DiSim,0.19170345366343014
0,45,0.05,0.35,Herm,0.30938782092164413
0,45,0.25,0.35,DiSim,0.1489918680453131
0,45,0.25,0.35,Herm,0.22481556742000733
0,45,0.45,0.35,DiSim,0.17307995450072522
0,45,0.45,0.35,Herm,0.19116876101165073
0,60,0.05,0.35,DiSim,0.14304297782879263
0,60,0.05,0.35,Herm,0.3432049932269923
0,60,0.25,0.35,DiSim,0.13998781472145316
0,60,0.25,0.35,Herm,0.2943205616846617
0,60,0.45,0.35,DiSim,0.16183199249812552
0,60,0.45,0.35,Herm,0.207688732360275
0,30,0.05,0.0,DiSim,0.34552164668709756
0,30,0.05,0.0,Herm,0.5047525860680817
0,30,0.25,0.0,DiSim,0.4226991365842312
0,30,0.25,0.0,Herm,0.49389686940588795
0,30,0.45,0.0,DiSim,0.5017976924357408
0,30,0.45,0.0,Herm,0.5711009696077115
0,45,0.05,0.0,DiSim,0.36225162281945955
0,45,0.05,0.0,Herm,0.5225689893332842
0,45,0.25,0.0,DiSim,0.42354887232630295
0,45,0.25,0.0,Herm,0.5105397497151607
0,45,0.45,0.0,DiSim,0.5700624597412666
0,45,0.45,0.0,Herm,0.7044641795894769
0,60,0.05,0.0,DiSim,0.38614652205755734
0,60,0.05,0.0,Herm,0.5280909978571272
0,60,0.25,0.0,DiSim,0.4621959613814821
0,60,0.25,0.0,Herm,0.5125276384041859
0,60,0.45,0.0,DiSim,0.6157977645920097
0,60,0.45,0.0,Herm,0.6142705507232016
0,30,0.05,0.0875,DiSim,0.23470824736290674
0,30,0.05,0.0875,Herm,0.47966097049395273
0,30,0.25,0.0875,DiSim,0.24885135251022117
0,30,0.25,0.0875,Herm,0.47420732476232247
0,30,0.45,0.0875,DiSim,0.25320755103025544
0,30,0.45,0.0875,Herm,0.5442861716277527
0,45,0.05,0.0875,DiSim,0.17543732458567332
0,45,0.05,0.0875,Herm,0.5141053451782165
0,45,0.25,0.0875,DiSim,0.23442704161011704
0,45,0.25,0.0875,Herm,0.4985645370469062
0,45,0.45,0.0875,DiSim,0.28957627853799306
0,45,0.45,0.0875,Herm,0.6000596344929109
0,60,0.05,0.0875,DiSim,0.18551039276689524
0,60,0.05,0.0875,Herm,0.5195781226264826
0,60,0.25,0.0875,DiSim,0.2685543031967578
0,60,0.25,0.0875,Herm,0.5120265315950983
0,60,0.45,0.0875,DiSim,0.36089626989060003
0,60,0.45,0.0875,Herm,0.6072665036172806
0,30,0.05,0.175,DiSim,0.2152291317491926
0,30,0.05,0.175,Herm,0.4546656190001038
0,30,0.25,0.175,DiSim,0.23438620495416104
0,30,0.25,0.175,Herm,0.42563526831480664
0,30,0.45,0.175,DiSim,0.2411694781845917
0,30,0.45,0.175,Herm,0.479711575141166
0,45,0.05,0.175,DiSim,0.20526899511528088
0,45,0.05,0.175,Herm,0.4977134318828077
0,45,0.25,0.175,DiSim,0.20184507219765382
0,45,0.25,0.175,Herm,0.48033114353494805
0,45,0.45,0.175,DiSim,0.23097976101226464
0,45,0.45,0.175,Herm,0.5436172048352432
0,60,0.05,0.175,DiSim,0.17452839981823826
0,60,0.05,0.175,Herm,0.5089029245764553
0,60,0.25,0.175,DiSim,0.21603700243093377
0,60,0.25,0.175,Herm,0.4943628425648749
0,60,0.45,0.175,DiSim,0.2574373608852276
0,60,0.45,0.175,Herm,0.5695192117301793
0,30,0.05,0.26249999999999996,DiSim,0.20988096691206357
0,30,0.05,0.26249999999999996,Herm,0.40814412174736275
0,30,0.25,0.26249999999999996,DiSim,0.2021668945323113
0,30,0.25,0.26249999999999996,Herm,0.31658529315702194
0,30,0.45,0.26249999999999996,DiSim,0.19564676919569396
0,30,0.45,0.26249999999999996,Herm,0.26291448891731944
0,45,0.05,0.26249999999999996,DiSim,0.2029523059002822
0,45,0.05,0.26249999999999996,Herm,0.4631583881347552
0,45,0.25,0.26249999999999996,DiSim,0.17316042441578228
0,45,0.25,0.26249999999999996,Herm,0.38802728884168863
0,45,0.45,0.26249999999999996,DiSim,0.20286435818182552
0,45,0.45,0.26249999999999996,Herm,0.33486159419800754
0,60,0.05,0.26249999999999996,DiSim,0.17173220779236129
0,60,0.05,0.26249999999999996,Herm,0.4891764720167351
0,60,0.25,0.26249999999999996,DiSim,0.19041704714489308
0,60,0.25,0.26249999999999996,Herm,0.4012414391528101
0,60,0.45,0.26249999999999996,DiSim,0.21483492839049306
0,60,0.45,0.26249999999999996,Herm,0.3552787188504376
0,30,0.05,0.35,DiSim,0.180885961150688
0,30,0.05,0.35,Herm,0.23000360175444007
0,30,0.25,0.35,DiSim,0.13964078111580053
0,30,0.25,0.35,Herm,0.16455190927258048
0,30,0.45,0.35,DiSim,0.0935139638172077
0,30,0.45,0.35,Herm,0.1427252579031278
0,45,0.05,0.35,DiSim,0.15744884531250428
0,45,0.05,0.35,Herm,0.3195479035755672
0,45,0.25,0.35,DiSim,0.12708398902175658
0,45,0.25,0.35,Herm,0.2488342830224162
0,45,0.45,0.35,DiSim,0.18370713226417637
0,45,0.45,0.35,Herm,0.19932353865597344
0,60,0.05,0.35,DiSim,0.17367945586730213
0,60,0.05,0.35,Herm,0.3601852632385896
0,60,0.25,0.35,DiSim,0.16196860750578787
0,60,0.25,0.35,Herm,0.2654861154563812
0,60,0.45,0.35,DiSim,0.19001773547941947
0,60,0.45,0.35,Herm,0.2143764060749762
0,30,0.05,0.0,DiSim,0.32361040788084816
0,30,0.05,0.0,Herm,0.5081735792676678
0,30,0.25,0.0,DiSim,0.4412682564940536
0,30,0.25,0.0,Herm,0.4949815690342135
0,30,0.45,0.0,DiSim,0.5305934838544035
0,30,0.45,0.0,Herm,0.5674750460829255
0,45,0.05,0.0,DiSim,0.3618931856580152
0,45,0.05,0.0,Herm,0.5236978949030571
0,45,0.25,0.0,DiSim,0.44230381106441147
0,45,0.25,0.0,Herm,0.5074092810775586
0,45,0.45,0.0,DiSim,0.5883062822523903
0,45,0.45,0.0,Herm,0.6271284308596801
0,60,0.05,0.0,DiSim,0.38220550900672806
0,60,0.05,0.0,Herm,0.5293308153239369
0,60,0.25,0.0,DiSim,0.4533649317522361
0,60,0.25,0.0,Herm,0.5174950822998804
0,60,0.45,0.0,DiSim,0.6100195269147053
0,60,0.45,0.0,Herm,0.7276181173922126
0,30,0.05,0.0875,DiSim,0.2326015649847947
0,30,0.05,0.0875,Herm,0.48176314416051125
0,30,0.25,0.0875,DiSim,0.25577046377613544
0,30,0.25,0.0875,Herm,0.4655131347480525
0,30,0.45,0.0875,DiSim,0.2749622153541752
0,30,0.45,0.0875,Herm,0.5326782761439093
0,45,0.05,0.0875,DiSim,0.23000986089822817
0,45,0.05,0.0875,Herm,0.5097973889160817
0,45,0.25,0.0875,DiSim,0.27408885330194677
0,45,0.25,0.0875,Herm,0.5034061858992676
0,45,0.45,0.0875,DiSim,0.30187547888671085
0,45,0.45,0.0875,Herm,0.5954877056278408
0,60,0.05,0.0875,DiSim,0.18868649255955772
0,60,0.05,0.0875,Herm,0.5179318741293374
0,60,0.25,0.0875,DiSim,0.24156367626275296
0,60,0.25,0.0875,Herm,0.5096133082684245
0,60,0.45,0.0875,DiSim,0.33064126152719164
0,60,0.45,0.0875,Herm,0.5990646782366356
0,30,0.05,0.175,DiSim,0.21783414995066983
0,30,0.05,0.175,Herm,0.454690683751
0,30,0.25,0.175,DiSim,0.21622328255638407
0,30,0.25,0.175,Herm,0.4227423933472086
0,30,0.45,0.175,DiSim,0.2387372617910921
0,30,0.45,0.175,Herm,0.46991167042963006
0,45,0.05,0.175,DiSim,0.2165045373044662
0,45,0.05,0.175,Herm,0.49521964285355236
0,45,0.25,0.175,DiSim,0.2043002715075009
0,45,0.25,0.175,Herm,0.47548412223135894
0,45,0.45,0.175,DiSim,0.22500727700987389
0,45,0.45,0.175,Herm,0.5499009159084748
0,60,0.05,0.175,DiSim,0.17640006541355918
0,60,0.05,0.175,Herm,0.5131100234772948
0,60,0.25,0.175,DiSim,0.2106532078220378
0,60,0.25,0.175,Herm,0.49375752604769607
0,60,0.45,0.175,DiSim,0.2606429886179278
0,60,0.45,0.175,Herm,0.5580268130359661
0,30,0.05,0.26249999999999996,DiSim,0.22242664891216396
0,30,0.05,0.26249999999999996,Herm,0.39573955933604615
0,30,0.25,0.26249999999999996,DiSim,0.20663656371687414
0,30,0.25,0.26249999999999996,Herm,0.3104153872767652
0,30,0.45,0.26249999999999996,DiSim,0.19788147226074668
0,30,0.45,0.26249999999999996,Herm,0.2645675700622899
0,45,0.05,0.26249999999999996,DiSim,0.18946985331478428
0,45,0.05,0.26249999999999996,Herm,0.4670502046880127
0,45,0.25,0.26249999999999996,DiSim,0.18018514034230176
0,45,0.25,0.26249999999999996,Herm,0.38315491794591067
0,45,0.45,0.26249999999999996,DiSim,0.19931727185959222
0,45,0.45,0.26249999999999996,Herm,0.3636622214943275
0,60,0.05,0.26249999999999996,DiSim,0.17567893421377975
0,60,0.05,0.26249999999999996,Herm,0.4888699971236425
0,60,0.25,0.26249999999999996,DiSim,0.15971543434779636
0,60,0.25,0.26249999999999996,Herm,0.40507797830651354
0,60,0.45,0.26249999999999996,DiSim,0.21796599379375825
0,60,0.45,0.26249999999999996,Herm,0.37787358536895593
0,30,0.05,0.35,DiSim,0.18332014436113062
0,30,0.05,0.35,Herm,0.24023985255561586
0,30,0.25,0.35,DiSim,0.14542831895896793
0,30,0.25,0.35,Herm,0.16891841302223679
0,30,0.45,0.35,DiSim,0.10395141468454958
0,30,0.45,0.35,Herm,0.14144647556523524
0,45,0.05,0.35,DiSim,0.17399024412256914
0,45,0.05,0.35,Herm,0.40103915069556373
0,45,0.25,0.35,DiSim,0.13280299497480358
0,45,0.25,0.35,Herm,0.2514470402241858
0,45,0.45,0.35,DiSim,0.1704472546203508
0,45,0.45,0.35,Herm,0.18607960362156423
0,60,0.05,0.35,DiSim,0.1391005619252066
0,60,0.05,0.35,Herm,0.3524059981687825
0,60,0.25,0.35,DiSim,0.1698269321220387
0,60,0.25,0.35,Herm,0.2966412705793718
0,60,0.45,0.35,DiSim,0.1895557370941154
0,60,0.45,0.35,Herm,0.21357749561123832
0,30,0.05,0.0,DiSim,0.3371884345722091
0,30,0.05,0.0,Herm,0.5053683360761962
0,30,0.25,0.0,DiSim,0.4272198333758757
0,30,0.25,0.0,Herm,0.4851627723819423
0,30,0.45,0.0,DiSim,0.4966803419306316
0,30,0.45,0.0,Herm,0.5590364365903828
0,45,0.05,0.0,DiSim,0.3679689786694365
0,45,0.05,0.0,Herm,0.5240997096419191
0,45,0.25,0.0,DiSim,0.4343804459773731
0,45,0.25,0.0,Herm,0.5072671659801551
0,45,0.45,0.0,DiSim,0.5816989142018681
0,45,0.45,0.0,Herm,0.6366866059346479
0,60,0.05,0.0,DiSim,0.3916015532287084
0,60,0.05,0.0,Herm,0.5294992533811919
0,60,0.25,0.0,DiSim,0.4601455929047302
0,60,0.25,0.0,Herm,0.5201221080050793
0,60,0.45,0.0,DiSim,0.6050323945127518
0,60,0.45,0.0,Herm,0.6140927870255714
0,30,0.05,0.0875,DiSim,0.22454549618387998
0,30,0.05,0.0875,Herm,0.4798439407767096
0,30,0.25,0.0875,DiSim,0.2592841599828082
0,30,0.25,0.0875,Herm,0.47043012887209834
0,30,0.45,0.0875,DiSim,0.2764561571823569
0,30,0.45,0.0875,Herm,0.5551046053305997
0,45,0.05,0.0875,DiSim,0.22848303366393985
0,45,0.05,0.0875,Herm,0.5116175611222596
0,45,0.25,0.0875,DiSim,0.24400374926359256
0,45,0.25,0.0875,Herm,0.5022976810145265
0,45,0.45,0.0875,DiSim,0.3161896628766459
0,45,0.45,0.0875,Herm,0.5943800774033603
0,60,0.05,0.0875,DiSim,0.18801514011940412
0,60,0.05,0.0875,Herm,0.5221613199217094
0,60,0.25,0.0875,DiSim,0.24392907907295897
0,60,0.25,0.0875,Herm,0.511679965843496
0,60,0.45,0.0875,DiSim,0.40142713365042987
0,60,0.45,0.0875,Herm,0.6021065217805561
0,30,0.05,0.175,DiSim,0.21462842644456553
0,30,0.05,0.175,Herm,0.45083500015294053
0,30,0.25,0.175,DiSim,0.2271930939772856
0,30,0.25,0.175,Herm,0.4287971244455091
0,30,0.45,0.175,DiSim,0.2423987223264204
0,30,0.45,0.175,Herm,0.47481052245441596
0,45,0.05,0.175,DiSim,0.23622255585989294
0,45,0.05,0.175,Herm,0.4925725161980446
0,45,0.25,0.175,DiSim,0.2097908699128951
0,45,0.25,0.175,Herm,0.47908519779736286
0,45,0.45,0.175,DiSim,0.22975491468615641
0,45,0.45,0.175,Herm,0.5377417511159246
0,60,0.05,0.175,DiSim,0.1875077536368517
0,60,0.05,0.175,Herm,0.5079063694398024
0,60,0.25,0.175,DiSim,0.22131895060584206
0,60,0.25,0.175,Herm,0.495693221077859
0,60,0.45,0.175,DiSim,0.2619280503201987
0,60,0.45,0.175,Herm,0.574640326853366
0,30,0.05,0.26249999999999996,DiSim,0.20801484964078473
0,30,0.05,0.26249999999999996,Herm,0.39344751589952875
0,30,0.25,0.26249999999999996,DiSim,0.19793713827583567
0,30,0.25,0.26249999999999996,Herm,0.3008487922253232
0,30,0.45,0.26249999999999996,DiSim,0.19535833407102493
0,30,0.45,0.26249999999999996,Herm,0.28341403347239497
0,45,0.05,0.26249999999999996,DiSim,0.20195624915825394
0,45,0.05,0.26249999999999996,Herm,0.46898377399965535
0,45,0.25,0.26249999999999996,DiSim,0.1768328658518275
0,45,0.25,0.26249999999999996,Herm,0.3884735813879799
0,45,0.45,0.26249999999999996,DiSim,0.20757452664858178
0,45,0.45,0.26249999999999996,Herm,0.3332226560621325
0,60,0.05,0.26249999999999996,DiSim,0.15110912755830772
0,60,0.05,0.26249999999999996,Herm,0.487067231770986
0,60,0.25,0.26249999999999996,DiSim,0.1584008693939716
0,60,0.25,0.26249999999999996,Herm,0.41090168963062024
0,60,0.45,0.26249999999999996,DiSim,0.21765508431595135
0,60,0.45,0.26249999999999996,Herm,0.3935318769365322
0,30,0.05,0.35,DiSim,0.18250026031229222
0,30,0.05,0.35,Herm,0.22371037877840727
0,30,0.25,0.35,DiSim,0.1286173241145015
0,30,0.25,0.35,Herm,0.14538844197934772
0,30,0.45,0.35,DiSim,0.1318630903689609
0,30,0.45,0.35,Herm,0.14743580654636584
0,45,0.05,0.35,DiSim,0.15797738455801874
0,45,0.05,0.35,Herm,0.3205483598488755
0,45,0.25,0.35,DiSim,0.1605648809601792
0,45,0.25,0.35,Herm,0.22002833464451188
0,45,0.45,0.35,DiSim,0.16742981609523475
0,45,0.45,0.35,Herm,0.19096150594861508
0,60,0.05,0.35,DiSim,0.1603790647491541
0,60,0.05,0.35,Herm,0.4417561807675943
0,60,0.25,0.35,DiSim,0.14252835230863242
0,60,0.25,0.35,Herm,0.28895148554245503
0,60,0.45,0.35,DiSim,0.1883228735911376
0,60,0.45,0.35,Herm,0.21561715947451887
0,30,0.05,0.0,DiSim,0.33521952221055423
0,30,0.05,0.0,Herm,0.5080169569968299
0,30,0.25,0.0,DiSim,0.4389684958869841
0,30,0.25,0.0,Herm,0.48906933575019057
0,30,0.45,0.0,DiSim,0.46507058468668433
0,30,0.45,0.0,Herm,0.5560523186552888
0,45,0.05,0.0,DiSim,0.36086016624652995
0,45,0.05,0.0,Herm,0.5253712697037369
0,45,0.25,0.0,DiSim,0.4398594445089248
0,45,0.25,0.0,Herm,0.5145283053845179
0,45,0.45,0.0,DiSim,0.576369830470497
0,45,0.45,0.0,Herm,0.6127981780821226
0,60,0.05,0.0,DiSim,0.38792813108188284
0,60,0.05,0.0,Herm,0.5271476025045516
0,60,0.25,0.0,DiSim,0.4638703697153151
0,60,0.25,0.0,Herm,0.5080807454588264
0,60,0.45,0.0,DiSim,0.6058231809405693
0,60,0.45,0.0,Herm,0.5843483804709736
0,30,0.05,0.0875,DiSim,0.23266288510411154
0,30,0.05,0.0875,Herm,0.4812836909177172
0,30,0.25,0.0875,DiSim,0.2609254156113862
0,30,0.25,0.0875,Herm,0.47293636788954574
0,30,0.45,0.0875,DiSim,0.2742006238076124
0,30,0.45,0.0875,Herm,0.5590633568069046
0,45,0.05,0.0875,DiSim,0.1766058759328685
0,45,0.05,0.0875,Herm,0.5137691547058756
0,45,0.25,0.0875,DiSim,0.23475744223600345
0,45,0.25,0.0875,Herm,0.5054639412354599
0,45,0.45,0.0875,DiSim,0.33733659209150474
0,45,0.45,0.0875,Herm,0.6015465592524659
0,60,0.05,0.0875,DiSim,0.18494324662941894
0,60,0.05,0.0875,Herm,0.5213258261211184
0,60,0.25,0.0875,DiSim,0.24509302388701038
0,60,0.25,0.0875,Herm,0.506419800109272
0,60,0.45,0.0875,DiSim,0.36580783546273576
0,60,0.45,0.0875,Herm,0.6085360670751184
0,30,0.05,0.175,DiSim,0.2207068464797496
0,30,0.05,0.175,Herm,0.4489604612312825
0,30,0.25,0.175,DiSim,0.22722245406118635
0,30,0.25,0.175,Herm,0.42327307870817654
0,30,0.45,0.175,DiSim,0.24525808682618483
0,30,0.45,0.175,Herm,0.39626939491456376
0,45,0.05,0.175,DiSim,0.2045891643190638
0,45,0.05,0.175,Herm,0.49778668675336335
0,45,0.25,0.175,DiSim,0.2607155824976694
0,45,0.25,0.175,Herm,0.48126848554799073
0,45,0.45,0.175,DiSim,0.22762658926477425
0,45,0.45,0.175,Herm,0.5504337939630327
0,60,0.05,0.175,DiSim,0.17080308092230007
0,60,0.05,0.175,Herm,0.5130750874263202
0,60,0.25,0.175,DiSim,0.2152601632280052
0,60,0.25,0.175,Herm,0.4999620054291552
0,60,0.45,0.175,DiSim,0.266554014451047
0,60,0.45,0.175,Herm,0.5567037127360766
0,30,0.05,0.26249999999999996,DiSim,0.21080580411757893
0,30,0.05,0.26249999999999996,Herm,0.39630953444314765
0,30,0.25,0.26249999999999996,DiSim,0.20364846727165709
0,30,0.25,0.26249999999999996,Herm,0.3156950571930107
0,30,0.45,0.26249999999999996,DiSim,0.2038759400588379
0,30,0.45,0.26249999999999996,Herm,0.28147009768689646
0,45,0.05,0.26249999999999996,DiSim,0.2086152740695256
0,45,0.05,0.26249999999999996,Herm,0.4644453667558108
0,45,0.25,0.26249999999999996,DiSim,0.17781514112298458
0,45,0.25,0.26249999999999996,Herm,0.3785042533679309
0,45,0.45,0.26249999999999996,DiSim,0.19792994667305036
0,45,0.45,0.26249999999999996,Herm,0.346700472930959
0,60,0.05,0.26249999999999996,DiSim,0.1527177422675694
0,60,0.05,0.26249999999999996,Herm,0.48663810948915825
0,60,0.25,0.26249999999999996,DiSim,0.19201361638001235
0,60,0.25,0.26249999999999996,Herm,0.4177095900540321
0,60,0.45,0.26249999999999996,DiSim,0.2244280069918909
0,60,0.45,0.26249999999999996,Herm,0.37301982997049077
0,30,0.05,0.35,DiSim,0.18557870557084064
0,30,0.05,0.35,Herm,0.24938552938458147
0,30,0.25,0.35,DiSim,0.14875006126286927
0,30,0.25,0.35,Herm,0.1514548770157269
0,30,0.45,0.35,DiSim,0.11137571034158271
0,30,0.45,0.35,Herm,0.15247797554743295
0,45,0.05,0.35,DiSim,0.16687773587507085
0,45,0.05,0.35,Herm,0.29102708666065485
0,45,0.25,0.35,DiSim,0.15342251943881635
0,45,0.25,0.35,Herm,0.23762126528058924
0,45,0.45,0.35,DiSim,0.1704166310847565
0,45,0.45,0.35,Herm,0.2024252479351097
0,60,0.05,0.35,DiSim,0.14081437672688762
0,60,0.05,0.35,Herm,0.36929104276932223
0,60,0.25,0.35,DiSim,0.1414477627045297
0,60,0.25,0.35,Herm,0.23279974708874066
0,60,0.45,0.35,DiSim,0.18508280164469737
0,60,0.45,0.35,Herm,0.19643587296402876
0,30,0.05,0.0,DiSim,0.33521952221055423
0,30,0.05,0.0,Herm,0.5080169569968299
0,30,0.25,0.0,DiSim,0.4389684958869841
0,30,0.25,0.0,Herm,0.48906933575019057
0,30,0.45,0.0,DiSim,0.46507058468668433
0,30,0.45,0.0,Herm,0.5560523186552888
0,45,0.05,0.0,DiSim,0.36086016624652995
0,45,0.05,0.0,Herm,0.5253712697037369
0,45,0.25,0.0,DiSim,0.4398594445089248
0,45,0.25,0.0,Herm,0.5145283053845179
0,45,0.45,0.0,DiSim,0.576369830470497
0,45,0.45,0.0,Herm,0.6127981780821226
0,60,0.05,0.0,DiSim,0.38792813108188284
0,60,0.05,0.0,Herm,0.5271476025045516
0,60,0.25,0.0,DiSim,0.4638703697153151
0,60,0.25,0.0,Herm,0.5080807454588264
0,60,0.45,0.0,DiSim,0.6058231809405693
0,60,0.45,0.0,Herm,0.5843483804709736
0,30,0.05,0.0875,DiSim,0.23266288510411154
0,30,0.05,0.0875,Herm,0.4812836909177172
0,30,0.25,0.0875,DiSim,0.2609254156113862
0,30,0.25,0.0875,Herm,0.47293636788954574
0,30,0.45,0.0875,DiSim,0.2742006238076124
0,30,0.45,0.0875,Herm,0.5590633568069046
0,45,0.05,0.0875,DiSim,0.1766058759328685
0,45,0.05,0.0875,Herm,0.5137691547058756
0,45,0.25,0.0875,DiSim,0.23475744223600345
0,45,0.25,0.0875,Herm,0.5054639412354599
0,45,0.45,0.0875,DiSim,0.33733659209150474
0,45,0.45,0.0875,Herm,0.6015465592524659
0,60,0.05,0.0875,DiSim,0.18494324662941894
0,60,0.05,0.0875,Herm,0.5213258261211184
0,60,0.25,0.0875,DiSim,0.24509302388701038
0,60,0.25,0.0875,Herm,0.506419800109272
0,60,0.45,0.0875,DiSim,0.36580783546273576
0,60,0.45,0.0875,Herm,0.6085360670751184
0,30,0.05,0.175,DiSim,0.2212335492762458
0,30,0.05,0.175,Herm,0.4489604612312825
0,30,0.25,0.175,DiSim,0.22722245406118635
0,30,0.25,0.175,Herm,0.42327307870817654
0,30,0.45,0.175,DiSim,0.24525808682618483
0,30,0.45,0.175,Herm,0.39626939491456376
0,45,0.05,0.175,DiSim,0.2045891643190638
0,45,0.05,0.175,Herm,0.49778668675336335
0,45,0.25,0.175,DiSim,0.2607155824976694
0,45,0.25,0.175,Herm,0.48126848554799073
0,45,0.45,0.175,DiSim,0.2275978800597135
0,45,0.45,0.175,Herm,0.5504337939630327
0,60,0.05,0.175,DiSim,0.17080308092230007
0,60,0.05,0.175,Herm,0.5130750874263202
0,60,0.25,0.175,DiSim,0.2152601632280052
0,60,0.25,0.175,Herm,0.4999620054291552
0,60,0.45,0.175,DiSim,0.266554014451047
0,60,0.45,0.175,Herm,0.5567037127360766
0,30,0.05,0.26249999999999996,DiSim,0.21080580411757893
0,30,0.05,0.26249999999999996,Herm,0.39630953444314765
0,30,0.25,0.26249999999999996,DiSim,0.20364846727165709
0,30,0.25,0.26249999999999996,Herm,0.3156950571930107
0,30,0.45,0.26249999999999996,DiSim,0.2038759400588379
0,30,0.45,0.26249999999999996,Herm,0.28147009768689646
0,45,0.05,0.26249999999999996,DiSim,0.2086152740695256
0,45,0.05,0.26249999999999996,Herm,0.4644453667558108
0,45,0.25,0.26249999999999996,DiSim,0.17781514112298458
0,45,0.25,0.26249999999999996,Herm,0.3785042533679309
0,45,0.45,0.26249999999999996,DiSim,0.19792994667305036
0,45,0.45,0.26249999999999996,Herm,0.346700472930959
0,60,0.05,0.26249999999999996,DiSim,0.1527177422675694
0,60,0.05,0.26249999999999996,Herm,0.48663810948915825
0,60,0.25,0.26249999999999996,DiSim,0.19201361638001235
0,60,0.25,0.26249999999999996,Herm,0.4177095900540321
0,60,0.45,0.26249999999999996,DiSim,0.22436271558319423
0,60,0.45,0.26249999999999996,Herm,0.37301982997049077
0,30,0.05,0.35,DiSim,0.18557870557084064
0,30,0.05,0.35,Herm,0.24938552938458147
0,30,0.25,0.35,DiSim,0.14875006126286927
0,30,0.25,0.35,Herm,0.1514548770157269
0,30,0.45,0.35,DiSim,0.11137571034158271
0,30,0.45,0.35,Herm,0.15247797554743295
0,45,0.05,0.35,DiSim,0.16687773587507085
0,45,0.05,0.35,Herm,0.29102708666065485
0,45,0.25,0.35,DiSim,0.15342251943881635
0,45,0.25,0.35,Herm,0.23762126528058924
0,45,0.45,0.35,DiSim,0.17041338235460768
0,45,0.45,0.35,Herm,0.2024252479351097
0,60,0.05,0.35,DiSim,0.1413013889330262
0,60,0.05,0.35,Herm,0.36929104276932223
0,60,0.25,0.35,DiSim,0.14324680427808256
0,60,0.25,0.35,Herm,0.23279974708874066
0,60,0.45,0.35,DiSim,0.18508280164469737
0,60,0.45,0.35,Herm,0.19643587296402876
0,30,0.05,0.0,DiSim,0.33099222149662577
0,30,0.05,0.0,Herm,0.5032629583149442
0,30,0.25,0.0,DiSim,0.4186970971538013
0,30,0.25,0.0,Herm,0.4869769591577447
0,30,0.45,0.0,DiSim,0.4715564485168185
0,30,0.45,0.0,Herm,0.5992004699265571
0,45,0.05,0.0,DiSim,0.3648764361172282
0,45,0.05,0.0,Herm,0.5208159337454459
0,45,0.25,0.0,DiSim,0.44781372554402177
0,45,0.25,0.0,Herm,0.5158507789950164
0,45,0.45,0.0,DiSim,0.5694635680042509
0,45,0.45,0.0,Herm,0.7079563676604873
0,60,0.05,0.0,DiSim,0.3785998432994533
0,60,0.05,0.0,Herm,0.5300474463335202
0,60,0.25,0.0,DiSim,0.4577279651927056
0,60,0.25,0.0,Herm,0.5128997229756839
0,60,0.45,0.0,DiSim,0.610777994905305
0,60,0.45,0.0,Herm,0.5818405602378571
0,30,0.05,0.0875,DiSim,0.22963169613626058
0,30,0.05,0.0875,Herm,0.47862198310536597
0,30,0.25,0.0875,DiSim,0.2520028569931827
0,30,0.25,0.0875,Herm,0.4672701669189551
0,30,0.45,0.0875,DiSim,0.269937185216935
0,30,0.45,0.0875,Herm,0.557186650811912
0,45,0.05,0.0875,DiSim,0.2260705255749913
0,45,0.05,0.0875,Herm,0.511033794503305
0,45,0.25,0.0875,DiSim,0.274651718431027
0,45,0.25,0.0875,Herm,0.5012619076924568
0,45,0.45,0.0875,DiSim,0.29064461630701616
0,45,0.45,0.0875,Herm,0.5978143587102347
0,60,0.05,0.0875,DiSim,0.18942562759450227
0,60,0.05,0.0875,Herm,0.5164609261199065
0,60,0.25,0.0875,DiSim,0.24416056910593922
0,60,0.25,0.0875,Herm,0.5133540201355496
0,60,0.45,0.0875,DiSim,0.3247707944454946
0,60,0.45,0.0875,Herm,0.6061318280478601
0,30,0.05,0.175,DiSim,0.19446590577497894
0,30,0.05,0.175,Herm,0.4510171705406918
0,30,0.25,0.175,DiSim,0.2169908092781591
0,30,0.25,0.175,Herm,0.428119544206633
0,30,0.45,0.175,DiSim,0.23640785086078006
0,30,0.45,0.175,Herm,0.4898212590828046
0,45,0.05,0.175,DiSim,0.17889371479899124
0,45,0.05,0.175,Herm,0.497368905136463
0,45,0.25,0.175,DiSim,0.20494883205178835
0,45,0.25,0.175,Herm,0.48129031795067495
0,45,0.45,0.175,DiSim,0.22976007319717204
0,45,0.45,0.175,Herm,0.5390320169892451
0,60,0.05,0.175,DiSim,0.17942198886890354
0,60,0.05,0.175,Herm,0.5061216068650581
0,60,0.25,0.175,DiSim,0.22084822063649798
0,60,0.25,0.175,Herm,0.49593140404851227
0,60,0.45,0.175,DiSim,0.24181010820348645
0,60,0.45,0.175,Herm,0.5576989096283945
0,30,0.05,0.26249999999999996,DiSim,0.20787280812283856
0,30,0.05,0.26249999999999996,Herm,0.40021168143638414
0,30,0.25,0.26249999999999996,DiSim,0.20325242376290067
0,30,0.25,0.26249999999999996,Herm,0.3064279203586763
0,30,0.45,0.26249999999999996,DiSim,0.19575234544780087
0,30,0.45,0.26249999999999996,Herm,0.28145398078237804
0,45,0.05,0.26249999999999996,DiSim,0.19873380567396848
0,45,0.05,0.26249999999999996,Herm,0.4675109640167195
0,45,0.25,0.26249999999999996,DiSim,0.1803833595970386
0,45,0.25,0.26249999999999996,Herm,0.3857400405470131
0,45,0.45,0.26249999999999996,DiSim,0.2020341418213738
0,45,0.45,0.26249999999999996,Herm,0.3414791213392221
0,60,0.05,0.26249999999999996,DiSim,0.20345045128094846
0,60,0.05,0.26249999999999996,Herm,0.49126467358124276
0,60,0.25,0.26249999999999996,DiSim,0.19181090893217215
0,60,0.25,0.26249999999999996,Herm,0.4060140283046541
0,60,0.45,0.26249999999999996,DiSim,0.22367359094214512
0,60,0.45,0.26249999999999996,Herm,0.3794091273441837
0,30,0.05,0.35,DiSim,0.17780423709159926
0,30,0.05,0.35,Herm,0.23248963452069024
0,30,0.25,0.35,DiSim,0.14050739182771502
0,30,0.25,0.35,Herm,0.16298971405890994
0,30,0.45,0.35,DiSim,0.12610616893818752
0,30,0.45,0.35,Herm,0.15160587439684028
0,45,0.05,0.35,DiSim,0.16775270900224107
0,45,0.05,0.35,Herm,0.30993179254897907
0,45,0.25,0.35,DiSim,0.13003280709396942
0,45,0.25,0.35,Herm,0.25693180478155825
0,45,0.45,0.35,DiSim,0.17044479289238623
0,45,0.45,0.35,Herm,0.1865575715919856
0,60,0.05,0.35,DiSim,0.16827497194871852
0,60,0.05,0.35,Herm,0.36130470678268084
0,60,0.25,0.35,DiSim,0.14245180715529251
0,60,0.25,0.35,Herm,0.28866296626942367
0,60,0.45,0.35,DiSim,0.18749795459988886
0,60,0.45,0.35,Herm,0.2293563977384034
0,30,0.05,0.0,DiSim,0.34786294069532653
0,30,0.05,0.0,Herm,0.5034407880063696
0,30,0.25,0.0,DiSim,0.4265284696674536
0,30,0.25,0.0,Herm,0.496378008868931
0,30,0.45,0.0,DiSim,0.5069741678116401
0,30,0.45,0.0,Herm,0.5626613508587933
0,45,0.05,0.0,DiSim,0.36141055875529154
0,45,0.05,0.0,Herm,0.5235541722789729
0,45,0.25,0.0,DiSim,0.4396287683527002
0,45,0.25,0.0,Herm,0.5015186946487249
0,45,0.45,0.0,DiSim,0.5529405249007845
0,45,0.45,0.0,Herm,0.7011159061627462
0,60,0.05,0.0,DiSim,0.3886544728439639
0,60,0.05,0.0,Herm,0.5309667666454714
0,60,0.25,0.0,DiSim,0.4688385221478685
0,60,0.25,0.0,Herm,0.5139587074051412
0,60,0.45,0.0,DiSim,0.5999281757752255
0,60,0.45,0.0,Herm,0.5823925695184492
0,30,0.05,0.0875,DiSim,0.2238788582119208
0,30,0.05,0.0875,Herm,0.4802865447413102
0,30,0.25,0.0875,DiSim,0.25509579716558023
0,30,0.25,0.0875,Herm,0.47050580140855286
0,30,0.45,0.0875,DiSim,0.27445665584777834
0,30,0.45,0.0875,Herm,0.5574346157655927
0,45,0.05,0.0875,DiSim,0.18105990757433052
0,45,0.05,0.0875,Herm,0.5116114146417198
0,45,0.25,0.0875,DiSim,0.24897369085261975
0,45,0.25,0.0875,Herm,0.503995184263632
0,45,0.45,0.0875,DiSim,0.3034988128110658
0,45,0.45,0.0875,Herm,0.5885172713644431
0,60,0.05,0.0875,DiSim,0.18873354453194063
0,60,0.05,0.0875,Herm,0.5192230556672579
0,60,0.25,0.0875,DiSim,0.2428130015912237
0,60,0.25,0.0875,Herm,0.5108472637122076
0,60,0.45,0.0875,DiSim,0.36322468386226353
0,60,0.45,0.0875,Herm,0.5992074449812984
0,30,0.05,0.175,DiSim,0.2385993176927753
0,30,0.05,0.175,Herm,0.44745131374376645
0,30,0.25,0.175,DiSim,0.23600201300275614
0,30,0.25,0.175,Herm,0.4221853459131951
0,30,0.45,0.175,DiSim,0.24215660037726094
0,30,0.45,0.175,Herm,0.4827225500647195
0,45,0.05,0.175,DiSim,0.2209794086714173
0,45,0.05,0.175,Herm,0.49326670838698355
0,45,0.25,0.175,DiSim,0.20077867312570855
0,45,0.25,0.175,Herm,0.47987909913982524
0,45,0.45,0.175,DiSim,0.2252469328423416
0,45,0.45,0.175,Herm,0.5391503296982433
0,60,0.05,0.175,DiSim,0.17427415110010464
0,60,0.05,0.175,Herm,0.5107887801317934
0,60,0.25,0.175,DiSim,0.215576634449071
0,60,0.25,0.175,Herm,0.49820422812429077
0,60,0.45,0.175,DiSim,0.25864764412377655
0,60,0.45,0.175,Herm,0.5668562226724141
0,30,0.05,0.26249999999999996,DiSim,0.20515725418384875
0,30,0.05,0.26249999999999996,Herm,0.3999250455781654
0,30,0.25,0.26249999999999996,DiSim,0.19915906415644444
0,30,0.25,0.26249999999999996,Herm,0.2983790632005578
0,30,0.45,0.26249999999999996,DiSim,0.1948233732798659
0,30,0.45,0.26249999999999996,Herm,0.28509352891412104
0,45,0.05,0.26249999999999996,DiSim,0.18735823305202556
0,45,0.05,0.26249999999999996,Herm,0.46867946095701407
0,45,0.25,0.26249999999999996,DiSim,0.1745596164748162
0,45,0.25,0.26249999999999996,Herm,0.3815820158223518
0,45,0.45,0.26249999999999996,DiSim,0.20508695392274215
0,45,0.45,0.26249999999999996,Herm,0.3223885677945896
0,60,0.05,0.26249999999999996,DiSim,0.17326716171198323
0,60,0.05,0.26249999999999996,Herm,0.49313702101159196
0,60,0.25,0.26249999999999996,DiSim,0.1924734706272264
0,60,0.25,0.26249999999999996,Herm,0.40533631135423265
0,60,0.45,0.26249999999999996,DiSim,0.21278737370060183
0,60,0.45,0.26249999999999996,Herm,0.38314124911368863
0,30,0.05,0.35,DiSim,0.18018983941419242
0,30,0.05,0.35,Herm,0.21195463567681164
0,30,0.25,0.35,DiSim,0.14325672985252969
0,30,0.25,0.35,Herm,0.156842384356736
0,30,0.45,0.35,DiSim,0.09260322452310005
0,30,0.45,0.35,Herm,0.14730834902561266
0,45,0.05,0.35,DiSim,0.1633277856901452
0,45,0.05,0.35,Herm,0.30778473977463083
0,45,0.25,0.35,DiSim,0.15773145352236467
0,45,0.25,0.35,Herm,0.24180761817368246
0,45,0.45,0.35,DiSim,0.1634278320592817
0,45,0.45,0.35,Herm,0.19504895739175557
0,60,0.05,0.35,DiSim,0.14018939331461627
0,60,0.05,0.35,Herm,0.3695728141776541
0,60,0.25,0.35,DiSim,0.14097563838868946
0,60,0.25,0.35,Herm,0.22208523077663164
0,60,0.45,0.35,DiSim,0.18119908597132034
0,60,0.45,0.35,Herm,0.20513757791696474
